index,slot_time,cumulative-density
0,-8000.0,0.0
1,-7995.0,0.0
2,-7990.0,0.0
3,-7985.0,0.0
4,-7980.0,0.0
5,-7975.0,0.0
6,-7970.0,0.0
7,-7965.0,0.0
8,-7960.0,0.0
9,-7955.0,0.0
10,-7950.0,0.0
11,-7945.0,0.0
12,-7940.0,0.0
13,-7935.0,0.0
14,-7930.0,0.0
15,-7925.0,0.0
16,-7920.0,0.0
17,-7915.0,0.0
18,-7910.0,0.0
19,-7905.0,0.0
20,-7900.0,0.0
21,-7895.0,0.0
22,-7890.0,0.0
23,-7885.0,0.0
24,-7880.0,0.0
25,-7875.0,0.0
26,-7870.0,0.0
27,-7865.0,0.0
28,-7860.0,0.0
29,-7855.0,0.0
30,-7850.0,0.0
31,-7845.0,0.0
32,-7840.0,0.0
33,-7835.0,0.0
34,-7830.0,0.0
35,-7825.0,0.0
36,-7820.0,0.0
37,-7815.0,0.0
38,-7810.0,0.0
39,-7805.0,0.0
40,-7800.0,0.0
41,-7795.0,0.0
42,-7790.0,0.0
43,-7785.0,0.0
44,-7780.0,0.0
45,-7775.0,0.0
46,-7770.0,0.0
47,-7765.0,0.0
48,-7760.0,0.0
49,-7755.0,0.0
50,-7750.0,0.0
51,-7745.0,0.0
52,-7740.0,0.0
53,-7735.0,0.0
54,-7730.0,0.0
55,-7725.0,0.0
56,-7720.0,0.0
57,-7715.0,0.0
58,-7710.0,0.0
59,-7705.0,0.0
60,-7700.0,0.0
61,-7695.0,0.0
62,-7690.0,0.0
63,-7685.0,0.0
64,-7680.0,0.0
65,-7675.0,0.0
66,-7670.0,0.0
67,-7665.0,0.0
68,-7660.0,0.0
69,-7655.0,0.0
70,-7650.0,0.0
71,-7645.0,0.0
72,-7640.0,0.0
73,-7635.0,0.0
74,-7630.0,0.0
75,-7625.0,0.0
76,-7620.0,0.0
77,-7615.0,0.0
78,-7610.0,0.0
79,-7605.0,0.0
80,-7600.0,0.0
81,-7595.0,0.0
82,-7590.0,0.0
83,-7585.0,0.0
84,-7580.0,0.0
85,-7575.0,0.0
86,-7570.0,0.0
87,-7565.0,0.0
88,-7560.0,0.0
89,-7555.0,0.0
90,-7550.0,0.0
91,-7545.0,0.0
92,-7540.0,0.0
93,-7535.0,0.0
94,-7530.0,0.0
95,-7525.0,0.0
96,-7520.0,0.0
97,-7515.0,0.0
98,-7510.0,0.0
99,-7505.0,0.0
100,-7500.0,0.0
101,-7495.0,0.0
102,-7490.0,0.0
103,-7485.0,0.0
104,-7480.0,0.0
105,-7475.0,0.0
106,-7470.0,0.0
107,-7465.0,0.0
108,-7460.0,0.0
109,-7455.0,0.0
110,-7450.0,0.0
111,-7445.0,0.0
112,-7440.0,0.0
113,-7435.0,0.0
114,-7430.0,0.0
115,-7425.0,0.0
116,-7420.0,0.0
117,-7415.0,0.0
118,-7410.0,0.0
119,-7405.0,0.0
120,-7400.0,0.0
121,-7395.0,0.0
122,-7390.0,0.0
123,-7385.0,0.0
124,-7380.0,0.0
125,-7375.0,0.0
126,-7370.0,0.0
127,-7365.0,0.0
128,-7360.0,0.0
129,-7355.0,0.0
130,-7350.0,0.0
131,-7345.0,0.0
132,-7340.0,0.0
133,-7335.0,0.0
134,-7330.0,0.0
135,-7325.0,0.0
136,-7320.0,0.0
137,-7315.0,0.0
138,-7310.0,0.0
139,-7305.0,0.0
140,-7300.0,0.0
141,-7295.0,0.0
142,-7290.0,0.0
143,-7285.0,0.0
144,-7280.0,0.0
145,-7275.0,0.0
146,-7270.0,0.0
147,-7265.0,0.0
148,-7260.0,0.0
149,-7255.0,0.0
150,-7250.0,0.0
151,-7245.0,0.0
152,-7240.0,0.0
153,-7235.0,0.0
154,-7230.0,0.0
155,-7225.0,0.0
156,-7220.0,0.0
157,-7215.0,0.0
158,-7210.0,0.0
159,-7205.0,0.0
160,-7200.0,0.0
161,-7195.0,0.0
162,-7190.0,0.0
163,-7185.0,0.0
164,-7180.0,0.0
165,-7175.0,0.0
166,-7170.0,0.0
167,-7165.0,0.0
168,-7160.0,0.0
169,-7155.0,0.0
170,-7150.0,0.0
171,-7145.0,0.0
172,-7140.0,0.0
173,-7135.0,0.0
174,-7130.0,0.0
175,-7125.0,0.0
176,-7120.0,0.0
177,-7115.0,0.0
178,-7110.0,0.0
179,-7105.0,0.0
180,-7100.0,0.0
181,-7095.0,0.0
182,-7090.0,0.0
183,-7085.0,0.0
184,-7080.0,0.0
185,-7075.0,0.0
186,-7070.0,0.0
187,-7065.0,0.0
188,-7060.0,0.0
189,-7055.0,0.0
190,-7050.0,0.0
191,-7045.0,0.0
192,-7040.0,0.0
193,-7035.0,0.0
194,-7030.0,0.0
195,-7025.0,0.0
196,-7020.0,0.0
197,-7015.0,0.0
198,-7010.0,0.0
199,-7005.0,0.0
200,-7000.0,0.0
201,-6995.0,0.0
202,-6990.0,0.0
203,-6985.0,0.0
204,-6980.0,0.0
205,-6975.0,0.0
206,-6970.0,0.0
207,-6965.0,0.0
208,-6960.0,0.0
209,-6955.0,0.0
210,-6950.0,0.0
211,-6945.0,0.0
212,-6940.0,0.0
213,-6935.0,0.0
214,-6930.0,0.0
215,-6925.0,0.0
216,-6920.0,0.0
217,-6915.0,0.0
218,-6910.0,0.0
219,-6905.0,0.0
220,-6900.0,0.0
221,-6895.0,0.0
222,-6890.0,0.0
223,-6885.0,0.0
224,-6880.0,0.0
225,-6875.0,0.0
226,-6870.0,0.0
227,-6865.0,0.0
228,-6860.0,0.0
229,-6855.0,0.0
230,-6850.0,0.0
231,-6845.0,0.0
232,-6840.0,0.0
233,-6835.0,0.0
234,-6830.0,0.0
235,-6825.0,0.0
236,-6820.0,0.0
237,-6815.0,0.0
238,-6810.0,0.0
239,-6805.0,0.0
240,-6800.0,0.0
241,-6795.0,0.0
242,-6790.0,0.0
243,-6785.0,0.0
244,-6780.0,0.0
245,-6775.0,0.0
246,-6770.0,0.0
247,-6765.0,0.0
248,-6760.0,0.0
249,-6755.0,0.0
250,-6750.0,0.0
251,-6745.0,0.0
252,-6740.0,0.0
253,-6735.0,0.0
254,-6730.0,0.0
255,-6725.0,0.0
256,-6720.0,0.0
257,-6715.0,0.0
258,-6710.0,0.0
259,-6705.0,0.0
260,-6700.0,0.0
261,-6695.0,0.0
262,-6690.0,0.0
263,-6685.0,0.0
264,-6680.0,0.0
265,-6675.0,0.0
266,-6670.0,0.0
267,-6665.0,0.0
268,-6660.0,0.0
269,-6655.0,0.0
270,-6650.0,0.0
271,-6645.0,0.0
272,-6640.0,0.0
273,-6635.0,0.0
274,-6630.0,0.0
275,-6625.0,0.0
276,-6620.0,0.0
277,-6615.0,0.0
278,-6610.0,0.0
279,-6605.0,0.0
280,-6600.0,0.0
281,-6595.0,0.0
282,-6590.0,0.0
283,-6585.0,0.0
284,-6580.0,0.0
285,-6575.0,0.0
286,-6570.0,0.0
287,-6565.0,0.0
288,-6560.0,0.0
289,-6555.0,0.0
290,-6550.0,0.0
291,-6545.0,0.0
292,-6540.0,0.0
293,-6535.0,0.0
294,-6530.0,0.0
295,-6525.0,0.0
296,-6520.0,0.0
297,-6515.0,0.0
298,-6510.0,0.0
299,-6505.0,0.0
300,-6500.0,0.0
301,-6495.0,0.0
302,-6490.0,0.0
303,-6485.0,0.0
304,-6480.0,0.0
305,-6475.0,0.0
306,-6470.0,0.0
307,-6465.0,0.0
308,-6460.0,0.0
309,-6455.0,0.0
310,-6450.0,0.0
311,-6445.0,0.0
312,-6440.0,0.0
313,-6435.0,0.0
314,-6430.0,0.0
315,-6425.0,0.0
316,-6420.0,0.0
317,-6415.0,0.0
318,-6410.0,0.0
319,-6405.0,0.0
320,-6400.0,0.0
321,-6395.0,0.0
322,-6390.0,0.0
323,-6385.0,0.0
324,-6380.0,0.0
325,-6375.0,0.0
326,-6370.0,0.0
327,-6365.0,0.0
328,-6360.0,0.0
329,-6355.0,0.0
330,-6350.0,0.0
331,-6345.0,0.0
332,-6340.0,0.0
333,-6335.0,0.0
334,-6330.0,0.0
335,-6325.0,0.0
336,-6320.0,0.0
337,-6315.0,0.0
338,-6310.0,0.0
339,-6305.0,0.0
340,-6300.0,0.0
341,-6295.0,0.0
342,-6290.0,0.0
343,-6285.0,0.0
344,-6280.0,0.0
345,-6275.0,0.0
346,-6270.0,0.0
347,-6265.0,0.0
348,-6260.0,0.0
349,-6255.0,0.0
350,-6250.0,0.0
351,-6245.0,0.0
352,-6240.0,0.0
353,-6235.0,0.0
354,-6230.0,0.0
355,-6225.0,0.0
356,-6220.0,0.0
357,-6215.0,0.0
358,-6210.0,0.0
359,-6205.0,0.0
360,-6200.0,0.0
361,-6195.0,0.0
362,-6190.0,0.0
363,-6185.0,0.0
364,-6180.0,0.0
365,-6175.0,0.0
366,-6170.0,0.0
367,-6165.0,0.0
368,-6160.0,0.0
369,-6155.0,0.0
370,-6150.0,0.0
371,-6145.0,0.0
372,-6140.0,0.0
373,-6135.0,0.0
374,-6130.0,0.0
375,-6125.0,0.0
376,-6120.0,0.0
377,-6115.0,0.0
378,-6110.0,0.0
379,-6105.0,0.0
380,-6100.0,0.0
381,-6095.0,0.0
382,-6090.0,0.0
383,-6085.0,0.0
384,-6080.0,0.0
385,-6075.0,0.0
386,-6070.0,0.0
387,-6065.0,0.0
388,-6060.0,0.0
389,-6055.0,0.0
390,-6050.0,0.0
391,-6045.0,0.0
392,-6040.0,0.0
393,-6035.0,0.0
394,-6030.0,0.0
395,-6025.0,0.0
396,-6020.0,0.0
397,-6015.0,0.0
398,-6010.0,0.0
399,-6005.0,0.0
400,-6000.0,0.0
401,-5995.0,0.0
402,-5990.0,0.0
403,-5985.0,0.0
404,-5980.0,0.0
405,-5975.0,0.0
406,-5970.0,0.0
407,-5965.0,0.0
408,-5960.0,0.0
409,-5955.0,0.0
410,-5950.0,0.0
411,-5945.0,0.0
412,-5940.0,0.0
413,-5935.0,0.0
414,-5930.0,0.0
415,-5925.0,0.0
416,-5920.0,0.0
417,-5915.0,0.0
418,-5910.0,0.0
419,-5905.0,0.0
420,-5900.0,0.0
421,-5895.0,0.0
422,-5890.0,0.0
423,-5885.0,0.0
424,-5880.0,0.0
425,-5875.0,0.0
426,-5870.0,0.0
427,-5865.0,0.0
428,-5860.0,0.0
429,-5855.0,0.0
430,-5850.0,0.0
431,-5845.0,0.0
432,-5840.0,0.0
433,-5835.0,0.0
434,-5830.0,0.0
435,-5825.0,0.0
436,-5820.0,0.0
437,-5815.0,0.0
438,-5810.0,0.0
439,-5805.0,0.0
440,-5800.0,0.0
441,-5795.0,0.0
442,-5790.0,0.0
443,-5785.0,0.0
444,-5780.0,0.0
445,-5775.0,0.0
446,-5770.0,0.0
447,-5765.0,0.0
448,-5760.0,0.0
449,-5755.0,0.0
450,-5750.0,0.0
451,-5745.0,0.0
452,-5740.0,0.0
453,-5735.0,0.0
454,-5730.0,0.0
455,-5725.0,0.0
456,-5720.0,0.0
457,-5715.0,0.0
458,-5710.0,0.0
459,-5705.0,0.0
460,-5700.0,0.0
461,-5695.0,0.0
462,-5690.0,0.0
463,-5685.0,0.0
464,-5680.0,0.0
465,-5675.0,0.0
466,-5670.0,0.0
467,-5665.0,0.0
468,-5660.0,0.0
469,-5655.0,0.0
470,-5650.0,0.0
471,-5645.0,0.0
472,-5640.0,0.0
473,-5635.0,0.0
474,-5630.0,0.0
475,-5625.0,0.0
476,-5620.0,0.0
477,-5615.0,0.0
478,-5610.0,0.0
479,-5605.0,0.0
480,-5600.0,0.0
481,-5595.0,0.0
482,-5590.0,0.0
483,-5585.0,0.0
484,-5580.0,0.0
485,-5575.0,0.0
486,-5570.0,0.0
487,-5565.0,0.0
488,-5560.0,0.0
489,-5555.0,0.0
490,-5550.0,0.0
491,-5545.0,0.0
492,-5540.0,0.0
493,-5535.0,0.0
494,-5530.0,0.0
495,-5525.0,0.0
496,-5520.0,0.0
497,-5515.0,0.0
498,-5510.0,0.0
499,-5505.0,0.0
500,-5500.0,0.0
501,-5495.0,0.0
502,-5490.0,0.0
503,-5485.0,0.0
504,-5480.0,0.0
505,-5475.0,0.0
506,-5470.0,0.0
507,-5465.0,0.0
508,-5460.0,0.0
509,-5455.0,0.0
510,-5450.0,0.0
511,-5445.0,0.0
512,-5440.0,0.0
513,-5435.0,0.0
514,-5430.0,0.0
515,-5425.0,0.0
516,-5420.0,0.0
517,-5415.0,0.0
518,-5410.0,0.0
519,-5405.0,0.0
520,-5400.0,0.0
521,-5395.0,0.0
522,-5390.0,0.0
523,-5385.0,0.0
524,-5380.0,0.0
525,-5375.0,0.0
526,-5370.0,0.0
527,-5365.0,0.0
528,-5360.0,0.0
529,-5355.0,0.0
530,-5350.0,0.0
531,-5345.0,0.0
532,-5340.0,0.0
533,-5335.0,0.0
534,-5330.0,0.0
535,-5325.0,0.0
536,-5320.0,0.0
537,-5315.0,0.0
538,-5310.0,0.0
539,-5305.0,0.0
540,-5300.0,0.0
541,-5295.0,0.0
542,-5290.0,0.0
543,-5285.0,0.0
544,-5280.0,0.0
545,-5275.0,0.0
546,-5270.0,0.0
547,-5265.0,0.0
548,-5260.0,0.0
549,-5255.0,0.0
550,-5250.0,0.0
551,-5245.0,0.0
552,-5240.0,0.0
553,-5235.0,0.0
554,-5230.0,0.0
555,-5225.0,0.0
556,-5220.0,0.0
557,-5215.0,0.0
558,-5210.0,0.0
559,-5205.0,0.0
560,-5200.0,0.0
561,-5195.0,0.0
562,-5190.0,0.0
563,-5185.0,0.0
564,-5180.0,0.0
565,-5175.0,0.0
566,-5170.0,0.0
567,-5165.0,0.0
568,-5160.0,0.0
569,-5155.0,0.0
570,-5150.0,0.0
571,-5145.0,0.0
572,-5140.0,0.0
573,-5135.0,0.0
574,-5130.0,0.0
575,-5125.0,0.0
576,-5120.0,0.0
577,-5115.0,0.0
578,-5110.0,0.0
579,-5105.0,0.0
580,-5100.0,0.0
581,-5095.0,0.0
582,-5090.0,0.0
583,-5085.0,0.0
584,-5080.0,0.0
585,-5075.0,0.0
586,-5070.0,0.0
587,-5065.0,0.0
588,-5060.0,0.0
589,-5055.0,0.0
590,-5050.0,0.0
591,-5045.0,0.0
592,-5040.0,0.0
593,-5035.0,0.0
594,-5030.0,0.0
595,-5025.0,0.0
596,-5020.0,0.0
597,-5015.0,0.0
598,-5010.0,0.0
599,-5005.0,0.0
600,-5000.0,0.0
601,-4995.0,0.0
602,-4990.0,0.0
603,-4985.0,0.0
604,-4980.0,0.0
605,-4975.0,0.0
606,-4970.0,0.0
607,-4965.0,0.0
608,-4960.0,0.0
609,-4955.0,0.0
610,-4950.0,0.0
611,-4945.0,0.0
612,-4940.0,0.0
613,-4935.0,0.0
614,-4930.0,0.0
615,-4925.0,0.0
616,-4920.0,0.0
617,-4915.0,0.0
618,-4910.0,0.0
619,-4905.0,0.0
620,-4900.0,0.0
621,-4895.0,0.0
622,-4890.0,0.0
623,-4885.0,0.0
624,-4880.0,0.0
625,-4875.0,0.0
626,-4870.0,0.0
627,-4865.0,0.0
628,-4860.0,0.0
629,-4855.0,0.0
630,-4850.0,0.0
631,-4845.0,0.0
632,-4840.0,0.0
633,-4835.0,0.0
634,-4830.0,0.0
635,-4825.0,0.0
636,-4820.0,0.0
637,-4815.0,0.0
638,-4810.0,0.0
639,-4805.0,0.0
640,-4800.0,0.0
641,-4795.0,0.0
642,-4790.0,0.0
643,-4785.0,0.0
644,-4780.0,0.0
645,-4775.0,0.0
646,-4770.0,0.0
647,-4765.0,0.0
648,-4760.0,0.0
649,-4755.0,0.0
650,-4750.0,0.0
651,-4745.0,0.0
652,-4740.0,0.0
653,-4735.0,0.0
654,-4730.0,0.0
655,-4725.0,0.0
656,-4720.0,0.0
657,-4715.0,0.0
658,-4710.0,0.0
659,-4705.0,0.0
660,-4700.0,0.0
661,-4695.0,0.0
662,-4690.0,0.0
663,-4685.0,0.0
664,-4680.0,0.0
665,-4675.0,0.0
666,-4670.0,0.0
667,-4665.0,0.0
668,-4660.0,0.0
669,-4655.0,0.0
670,-4650.0,0.0
671,-4645.0,0.0
672,-4640.0,0.0
673,-4635.0,0.0
674,-4630.0,0.0
675,-4625.0,0.0
676,-4620.0,0.0
677,-4615.0,0.0
678,-4610.0,0.0
679,-4605.0,0.0
680,-4600.0,0.0
681,-4595.0,0.0
682,-4590.0,0.0
683,-4585.0,0.0
684,-4580.0,0.0
685,-4575.0,0.0
686,-4570.0,0.0
687,-4565.0,0.0
688,-4560.0,0.0
689,-4555.0,0.0
690,-4550.0,0.0
691,-4545.0,0.0
692,-4540.0,0.0
693,-4535.0,0.0
694,-4530.0,0.0
695,-4525.0,0.0
696,-4520.0,0.0
697,-4515.0,0.0
698,-4510.0,0.0
699,-4505.0,0.0
700,-4500.0,0.0
701,-4495.0,0.0
702,-4490.0,0.0
703,-4485.0,0.0
704,-4480.0,0.0
705,-4475.0,0.0
706,-4470.0,0.0
707,-4465.0,0.0
708,-4460.0,0.0
709,-4455.0,0.0
710,-4450.0,0.0
711,-4445.0,0.0
712,-4440.0,0.0
713,-4435.0,0.0
714,-4430.0,0.0
715,-4425.0,0.0
716,-4420.0,0.0
717,-4415.0,0.0
718,-4410.0,0.0
719,-4405.0,0.0
720,-4400.0,0.0
721,-4395.0,0.0
722,-4390.0,0.0
723,-4385.0,0.0
724,-4380.0,0.0
725,-4375.0,0.0
726,-4370.0,0.0
727,-4365.0,0.0
728,-4360.0,0.0
729,-4355.0,0.0
730,-4350.0,0.0
731,-4345.0,0.0
732,-4340.0,0.0
733,-4335.0,0.0
734,-4330.0,0.0
735,-4325.0,0.0
736,-4320.0,0.0
737,-4315.0,0.0
738,-4310.0,0.0
739,-4305.0,0.0
740,-4300.0,0.0
741,-4295.0,0.0
742,-4290.0,0.0
743,-4285.0,0.0
744,-4280.0,0.0
745,-4275.0,0.0
746,-4270.0,0.0
747,-4265.0,0.0
748,-4260.0,0.0
749,-4255.0,0.0
750,-4250.0,0.0
751,-4245.0,0.0
752,-4240.0,0.0
753,-4235.0,0.0
754,-4230.0,0.0
755,-4225.0,0.0
756,-4220.0,0.0
757,-4215.0,0.0
758,-4210.0,0.0
759,-4205.0,0.0
760,-4200.0,0.0
761,-4195.0,0.0
762,-4190.0,0.0
763,-4185.0,0.0
764,-4180.0,0.0
765,-4175.0,0.0
766,-4170.0,0.0
767,-4165.0,0.0
768,-4160.0,0.0
769,-4155.0,0.0
770,-4150.0,0.0
771,-4145.0,0.0
772,-4140.0,0.0
773,-4135.0,0.0
774,-4130.0,0.0
775,-4125.0,0.0
776,-4120.0,0.0
777,-4115.0,0.0
778,-4110.0,0.0
779,-4105.0,0.0
780,-4100.0,0.0
781,-4095.0,0.0
782,-4090.0,0.0
783,-4085.0,0.0
784,-4080.0,0.0
785,-4075.0,0.0
786,-4070.0,0.0
787,-4065.0,0.0
788,-4060.0,0.0
789,-4055.0,0.0
790,-4050.0,0.0
791,-4045.0,0.0
792,-4040.0,0.0
793,-4035.0,0.0
794,-4030.0,0.0
795,-4025.0,0.0
796,-4020.0,0.0
797,-4015.0,0.0
798,-4010.0,0.0
799,-4005.0,0.0
800,-4000.0,0.0
801,-3995.0,0.0
802,-3990.0,0.0
803,-3985.0,0.0
804,-3980.0,0.0
805,-3975.0,0.0
806,-3970.0,0.0
807,-3965.0,0.0
808,-3960.0,0.0
809,-3955.0,0.0
810,-3950.0,0.0
811,-3945.0,0.0
812,-3940.0,0.0
813,-3935.0,0.0
814,-3930.0,0.0
815,-3925.0,0.0
816,-3920.0,0.0
817,-3915.0,0.0
818,-3910.0,0.0
819,-3905.0,0.0
820,-3900.0,0.0
821,-3895.0,0.0
822,-3890.0,0.0
823,-3885.0,0.0
824,-3880.0,0.0
825,-3875.0,0.0
826,-3870.0,0.0
827,-3865.0,0.0
828,-3860.0,0.0
829,-3855.0,0.0
830,-3850.0,0.0
831,-3845.0,0.0
832,-3840.0,0.0
833,-3835.0,0.0
834,-3830.0,0.0
835,-3825.0,0.0
836,-3820.0,0.0
837,-3815.0,0.0
838,-3810.0,0.0
839,-3805.0,0.0
840,-3800.0,0.0
841,-3795.0,0.0
842,-3790.0,0.0
843,-3785.0,0.0
844,-3780.0,0.0
845,-3775.0,0.0
846,-3770.0,0.0
847,-3765.0,0.0
848,-3760.0,0.0
849,-3755.0,0.0
850,-3750.0,0.0
851,-3745.0,0.0
852,-3740.0,0.0
853,-3735.0,0.0
854,-3730.0,0.0
855,-3725.0,0.0
856,-3720.0,0.0
857,-3715.0,0.0
858,-3710.0,0.0
859,-3705.0,0.0
860,-3700.0,0.0
861,-3695.0,0.0
862,-3690.0,0.0
863,-3685.0,0.0
864,-3680.0,0.0
865,-3675.0,0.0
866,-3670.0,0.0
867,-3665.0,0.0
868,-3660.0,0.0
869,-3655.0,0.0
870,-3650.0,0.0
871,-3645.0,0.0
872,-3640.0,0.0
873,-3635.0,0.0
874,-3630.0,0.0
875,-3625.0,0.0
876,-3620.0,0.0
877,-3615.0,0.0
878,-3610.0,0.0
879,-3605.0,0.0
880,-3600.0,0.0
881,-3595.0,0.0
882,-3590.0,0.0
883,-3585.0,0.0
884,-3580.0,0.0
885,-3575.0,0.0
886,-3570.0,0.0
887,-3565.0,0.0
888,-3560.0,0.0
889,-3555.0,0.0
890,-3550.0,0.0
891,-3545.0,0.0
892,-3540.0,0.0
893,-3535.0,0.0
894,-3530.0,0.0
895,-3525.0,0.0
896,-3520.0,0.0
897,-3515.0,0.0
898,-3510.0,0.0
899,-3505.0,0.0
900,-3500.0,0.0
901,-3495.0,0.0
902,-3490.0,0.0
903,-3485.0,0.0
904,-3480.0,0.0
905,-3475.0,0.0
906,-3470.0,0.0
907,-3465.0,0.0
908,-3460.0,0.0
909,-3455.0,0.0
910,-3450.0,0.0
911,-3445.0,0.0
912,-3440.0,0.0
913,-3435.0,0.0
914,-3430.0,0.0
915,-3425.0,0.0
916,-3420.0,0.0
917,-3415.0,0.0
918,-3410.0,0.0
919,-3405.0,0.0
920,-3400.0,0.0
921,-3395.0,0.0
922,-3390.0,0.0
923,-3385.0,0.0
924,-3380.0,0.0
925,-3375.0,0.0
926,-3370.0,0.0
927,-3365.0,0.0
928,-3360.0,0.0
929,-3355.0,0.0
930,-3350.0,0.0
931,-3345.0,0.0
932,-3340.0,0.0
933,-3335.0,0.0
934,-3330.0,0.0
935,-3325.0,0.0
936,-3320.0,0.0
937,-3315.0,0.0
938,-3310.0,0.0
939,-3305.0,0.0
940,-3300.0,0.0
941,-3295.0,0.0
942,-3290.0,0.0
943,-3285.0,0.0
944,-3280.0,0.0
945,-3275.0,0.0
946,-3270.0,0.0
947,-3265.0,0.0
948,-3260.0,0.0
949,-3255.0,0.0
950,-3250.0,0.0
951,-3245.0,0.0
952,-3240.0,0.0
953,-3235.0,0.0
954,-3230.0,0.0
955,-3225.0,0.0
956,-3220.0,0.0
957,-3215.0,0.0
958,-3210.0,0.0
959,-3205.0,0.0
960,-3200.0,0.0
961,-3195.0,0.0
962,-3190.0,0.0
963,-3185.0,0.0
964,-3180.0,0.0
965,-3175.0,0.0
966,-3170.0,0.0
967,-3165.0,0.0
968,-3160.0,0.0
969,-3155.0,0.0
970,-3150.0,0.0
971,-3145.0,0.0
972,-3140.0,0.0
973,-3135.0,0.0
974,-3130.0,0.0
975,-3125.0,0.0
976,-3120.0,0.0
977,-3115.0,0.0
978,-3110.0,0.0
979,-3105.0,0.0
980,-3100.0,0.0
981,-3095.0,0.0
982,-3090.0,0.0
983,-3085.0,0.0
984,-3080.0,0.0
985,-3075.0,0.0
986,-3070.0,0.0
987,-3065.0,0.0
988,-3060.0,0.0
989,-3055.0,0.0
990,-3050.0,0.0
991,-3045.0,0.0
992,-3040.0,0.0
993,-3035.0,0.0
994,-3030.0,0.0
995,-3025.0,0.0
996,-3020.0,0.0
997,-3015.0,0.0
998,-3010.0,0.0
999,-3005.0,0.0
1000,-3000.0,0.0
1001,-2995.0,0.0
1002,-2990.0,0.0
1003,-2985.0,0.0
1004,-2980.0,0.0
1005,-2975.0,0.0
1006,-2970.0,0.00010713137878084491
1007,-2965.0,0.0004999464343106095
1008,-2960.0,0.0027497053887083527
1009,-2955.0,0.007499196514659144
1010,-2950.0,0.020104988751205227
1011,-2945.0,0.043423918865835805
1012,-2940.0,0.07688461950505303
1013,-2935.0,0.11959432917901654
1014,-2930.0,0.17023176088276257
1015,-2925.0,0.22501160589936792
1016,-2920.0,0.28611220226404316
1017,-2915.0,0.348355533335714
1018,-2910.0,0.4155626182908974
1019,-2905.0,0.48098418026640005
1020,-2900.0,0.545548691211656
1021,-2895.0,0.6102560439952862
1022,-2890.0,0.6723565332285827
1023,-2885.0,0.7300289254722708
1024,-2880.0,0.7809163303931722
1025,-2875.0,0.826375745455844
1026,-2870.0,0.8651215941149163
1027,-2865.0,0.9020462093347141
1028,-2860.0,0.9336142556154697
1029,-2855.0,0.9626825697246724
1030,-2850.0,0.9897510980966325
1031,-2845.0,1.0137842374031354
1032,-2840.0,1.0364960897046744
1033,-2835.0,1.057958075920437
1034,-2830.0,1.0780630646716423
1035,-2825.0,1.0970253187158518
1036,-2820.0,1.1161304145984359
1037,-2815.0,1.1344498803699603
1038,-2810.0,1.152555083383923
1039,-2805.0,1.1701603399635754
1040,-2800.0,1.1869085455129809
1041,-2795.0,1.2034067778452309
1042,-2790.0,1.2196907474199192
1043,-2785.0,1.2351533764239546
1044,-2780.0,1.250044638074492
1045,-2775.0,1.2635431918008784
1046,-2770.0,1.2757204585223012
1047,-2765.0,1.2887547762739706
1048,-2760.0,1.3001821233439275
1049,-2755.0,1.3116094704138843
1050,-2750.0,1.3240009998928686
1051,-2745.0,1.3356068992607935
1052,-2740.0,1.3477484555226227
1053,-2735.0,1.3584258829411135
1054,-2730.0,1.3689247580616362
1055,-2725.0,1.379423633182159
1056,-2720.0,1.392136556797486
1057,-2715.0,1.404920901332
1058,-2710.0,1.4195264793057887
1059,-2705.0,1.440738492304396
1060,-2700.0,1.4688426240045709
1061,-2695.0,1.503981716244688
1062,-2690.0,1.5451558761561262
1063,-2685.0,1.5875799021533408
1064,-2680.0,1.6301110595293362
1065,-2675.0,1.6711423776023997
1066,-2670.0,1.7131735885440846
1067,-2665.0,1.7566689283291077
1068,-2660.0,1.8006285040888477
1069,-2655.0,1.841874084919473
1070,-2650.0,1.8807627754169196
1071,-2645.0,1.9175802592579367
1072,-2640.0,1.9504338820840623
1073,-2635.0,1.9817162446880692
1074,-2630.0,2.008999035817591
1075,-2625.0,2.0324250973110023
1076,-2620.0,2.0539942149055457
1077,-2615.0,2.0755276220404957
1078,-2610.0,2.0958468735492626
1079,-2605.0,2.1158090204620934
1080,-2600.0,2.133378566582152
1081,-2595.0,2.152197978787987
1082,-2590.0,2.1693389993929224
1083,-2585.0,2.1870513873513553
1084,-2580.0,2.2041566974966966
1085,-2575.0,2.220726350748134
1086,-2570.0,2.235760454237046
1087,-2565.0,2.24983037531693
1088,-2560.0,2.2642574009927507
1089,-2555.0,2.277791665178731
1090,-2550.0,2.28993322144056
1091,-2545.0,2.302539013677106
1092,-2540.0,2.314787701317716
1093,-2535.0,2.3292147269935364
1094,-2530.0,2.3420347819876444
1095,-2525.0,2.3542477591686604
1096,-2520.0,2.367639181516266
1097,-2515.0,2.3803163946719996
1098,-2510.0,2.393814948398386
1099,-2505.0,2.406135056958183
1100,-2500.0,2.4180623504624505
1101,-2495.0,2.430632432239403
1102,-2490.0,2.4434524872335106
1103,-2485.0,2.454558440167125
1104,-2480.0,2.466878548726922
1105,-2475.0,2.478948684069564
1106,-2470.0,2.4906974252758634
1107,-2465.0,2.5036603221083453
1108,-2460.0,2.5172302967539193
1109,-2455.0,2.534192765060886
1110,-2450.0,2.557690247473485
1111,-2445.0,2.5871513766382175
1112,-2440.0,2.6231475199085814
1113,-2435.0,2.6587151376638216
1114,-2430.0,2.6950326750705282
1115,-2425.0,2.7325286576438237
1116,-2420.0,2.769453272863622
1117,-2415.0,2.806163625325858
1118,-2410.0,2.846480734207049
1119,-2405.0,2.8839052958611577
1120,-2400.0,2.9207584901617683
1121,-2395.0,2.9535049816091132
1122,-2390.0,2.9841088454808413
1123,-2385.0,3.0116416098275183
1124,-2380.0,3.0363532478663
1125,-2375.0,3.0609220440667073
1126,-2370.0,3.08288397671678
1127,-2365.0,3.102024783058958
1128,-2360.0,3.1208084848051993
1129,-2355.0,3.140020712066564
1130,-2350.0,3.1579116523229653
1131,-2345.0,3.175374067064243
1132,-2340.0,3.1907295646894975
1133,-2335.0,3.2061207727743457
1134,-2330.0,3.2223690318894405
1135,-2325.0,3.2378673713530692
1136,-2320.0,3.252401528407671
1137,-2315.0,3.265900082134057
1138,-2310.0,3.2791486626432884
1139,-2305.0,3.2925757954504875
1140,-2300.0,3.3048244830910973
1141,-2295.0,3.3182516158982964
1142,-2290.0,3.331107381351998
1143,-2285.0,3.3431060957754526
1144,-2280.0,3.3565689390422455
1145,-2275.0,3.3694604149555403
1146,-2270.0,3.3813162875406206
1147,-2265.0,3.3929221869085455
1148,-2260.0,3.405135164089562
1149,-2255.0,3.416633932078706
1150,-2250.0,3.4288111988001284
1151,-2245.0,3.441488411955862
1152,-2240.0,3.4544870192479378
1153,-2235.0,3.466699996428954
1154,-2230.0,3.4787344213120024
1155,-2225.0,3.4918758704424526
1156,-2220.0,3.503160375674035
1157,-2215.0,3.515230511016677
1158,-2210.0,3.5296575366924974
1159,-2205.0,3.5461200585651538
1160,-2200.0,3.5694032782201908
1161,-2195.0,3.597757383137521
1162,-2190.0,3.6299682176909616
1163,-2185.0,3.6661072027997
1164,-2180.0,3.7041031318073063
1165,-2175.0,3.7394207763453915
1166,-2170.0,3.7787379923579616
1167,-2165.0,3.8158411598757276
1168,-2160.0,3.8539799307217084
1169,-2155.0,3.8904403099667895
1170,-2150.0,3.9276148984037427
1171,-2145.0,3.9607184944470237
1172,-2140.0,3.9914294896975324
1173,-2135.0,4.016998178766561
1174,-2130.0,4.041816948184123
1175,-2125.0,4.065385851515909
1176,-2120.0,4.086919258650859
1177,-2115.0,4.107345641538407
1178,-2110.0,4.1258436596079
1179,-2105.0,4.143770310323894
1180,-2100.0,4.161125593686391
1181,-2095.0,4.176266828554083
1182,-2090.0,4.192872192265114
1183,-2085.0,4.208334821269149
1184,-2080.0,4.224690211763026
1185,-2075.0,4.239795736171125
1186,-2070.0,4.2544727350641
1187,-2065.0,4.268435524765204
1188,-2060.0,4.28271970860265
1189,-2055.0,4.297539549334
1190,-2050.0,4.309931078812984
1191,-2045.0,4.322429739670749
1192,-2040.0,4.335214084205264
1193,-2035.0,4.3479984287397775
1194,-2030.0,4.359640038567297
1195,-2025.0,4.3726386458593725
1196,-2020.0,4.385315859015106
1197,-2015.0,4.398457308145556
1198,-2010.0,4.410777416705353
1199,-2005.0,4.422490447452058
1200,-2000.0,4.434096346819984
1201,-1995.0,4.4463450344605935
1202,-1990.0,4.458915116237546
1203,-1985.0,4.470699567903439
1204,-1980.0,4.483198228761204
1205,-1975.0,4.494982680427097
1206,-1970.0,4.5078384458807985
1207,-1965.0,4.5195514766275044
1208,-1960.0,4.532407242081206
1209,-1955.0,4.54815555476199
1210,-1950.0,4.5691175945434415
1211,-1945.0,4.595864728779059
1212,-1940.0,4.62678998678713
1213,-1935.0,4.661286290754562
1214,-1930.0,4.696282541156305
1215,-1925.0,4.732921472699354
1216,-1920.0,4.770845980787772
1217,-1915.0,4.807520622790415
1218,-1910.0,4.845052315823304
1219,-1905.0,4.882905402992536
1220,-1900.0,4.917044602364032
1221,-1895.0,4.9513266435739025
1222,-1890.0,4.982287612041567
1223,-1885.0,5.012427239938578
1224,-1880.0,5.037353140734921
1225,-1875.0,5.060779202228333
1226,-1870.0,5.0825268721208445
1227,-1865.0,5.1024533085740815
1228,-1860.0,5.12348676927472
1229,-1855.0,5.143877441702675
1230,-1850.0,5.162839695746884
1231,-1845.0,5.180802056922473
1232,-1840.0,5.197800235689034
1233,-1835.0,5.2145127307788455
1234,-1830.0,5.230153912080849
1235,-1825.0,5.246330750276756
1236,-1820.0,5.263007534906974
1237,-1815.0,5.278327322072635
1238,-1810.0,5.293254294182766
1239,-1805.0,5.307502767560618
1240,-1800.0,5.320965610827411
1241,-1795.0,5.335321215584044
1242,-1790.0,5.349962504017427
1243,-1785.0,5.365746527157804
1244,-1780.0,5.379066528586223
1245,-1775.0,5.392386530014641
1246,-1770.0,5.405135164089562
1247,-1765.0,5.417919508624076
1248,-1760.0,5.4301681962646855
1249,-1755.0,5.44205977930936
1250,-1750.0,5.4543084669499695
1251,-1745.0,5.465664393100739
1252,-1740.0,5.478127343498911
1253,-1735.0,5.490875977573832
1254,-1730.0,5.502410456022569
1255,-1725.0,5.51476627504196
1256,-1720.0,5.526550726707852
1257,-1715.0,5.539406492161554
1258,-1710.0,5.552333678534443
1259,-1705.0,5.567689176159697
1260,-1700.0,5.587758454451309
1261,-1695.0,5.611505910081063
1262,-1690.0,5.640145698675142
1263,-1685.0,5.67410634574867
1264,-1680.0,5.706281469842517
1265,-1675.0,5.739563618183766
1266,-1670.0,5.775488340534943
1267,-1665.0,5.8136271113809235
1268,-1660.0,5.852980037853087
1269,-1655.0,5.890404599507196
1270,-1650.0,5.925543691747313
1271,-1645.0,5.958468735492626
1272,-1640.0,5.988786915687605
1273,-1635.0,6.018926543584616
1274,-1630.0,6.046637860229261
1275,-1625.0,6.070885262293325
1276,-1620.0,6.094382744705924
1277,-1615.0,6.11627325643681
1278,-1610.0,6.136413955647609
1279,-1605.0,6.155733314287755
1280,-1600.0,6.175124093847088
1281,-1595.0,6.192657929507552
1282,-1590.0,6.210941684819484
1283,-1585.0,6.227868442666857
1284,-1580.0,6.2444023854587005
1285,-1575.0,6.260364960897046
1286,-1570.0,6.274006356461808
1287,-1565.0,6.289361854087062
1288,-1560.0,6.305431560904188
1289,-1555.0,6.318144484519515
1290,-1550.0,6.333642823983145
1291,-1545.0,6.346819983573188
1292,-1540.0,6.359818590865264
1293,-1535.0,6.373817091025962
1294,-1530.0,6.388208406242188
1295,-1525.0,6.401599828589794
1296,-1520.0,6.41549119737171
1297,-1515.0,6.428739777880941
1298,-1510.0,6.441702674713423
1299,-1505.0,6.453987072813627
1300,-1500.0,6.466735706888548
1301,-1495.0,6.479055815448345
1302,-1490.0,6.492732921472699
1303,-1485.0,6.50626718565868
1304,-1480.0,6.518837267435632
1305,-1475.0,6.5329786094347035
1306,-1470.0,6.547262793272149
1307,-1465.0,6.560547084240974
1308,-1460.0,6.573759954290612
1309,-1455.0,6.588544084562368
1310,-1450.0,6.607720601364139
1311,-1445.0,6.632789343998858
1312,-1440.0,6.662107631325215
1313,-1435.0,6.69485412277256
1314,-1430.0,6.727600614219905
1315,-1425.0,6.763775309788237
1316,-1420.0,6.799092954326322
1317,-1415.0,6.8372674356318965
1318,-1410.0,6.876263257508124
1319,-1405.0,6.91415205513695
1320,-1400.0,6.952326536442524
1321,-1395.0,6.98764418098061
1322,-1390.0,7.019962146912831
1323,-1385.0,7.051744455951148
1324,-1380.0,7.080527086383602
1325,-1375.0,7.104524515230511
1326,-1370.0,7.129700389244009
1327,-1365.0,7.151126665000178
1328,-1360.0,7.171767310645288
1329,-1355.0,7.192265114452023
1330,-1350.0,7.212227261364854
1331,-1345.0,7.230046780702068
1332,-1340.0,7.246259329357569
1333,-1335.0,7.262614719851444
1334,-1330.0,7.280362818269471
1335,-1325.0,7.296611077384566
1336,-1320.0,7.311538049494697
1337,-1315.0,7.327393493554262
1338,-1310.0,7.342856122558297
1339,-1305.0,7.356354676284684
1340,-1300.0,7.371353069314002
1341,-1295.0,7.386387172802914
1342,-1290.0,7.399564332392958
1343,-1285.0,7.412562939685034
1344,-1280.0,7.425775809734671
1345,-1275.0,7.43920294254187
1346,-1270.0,7.45145163018248
1347,-1265.0,7.464735921151306
1348,-1260.0,7.477591686605007
1349,-1255.0,7.490090347462772
1350,-1250.0,7.502660429239724
1351,-1245.0,7.516908902617577
1352,-1240.0,7.529800378530871
1353,-1235.0,7.543656036853195
1354,-1230.0,7.557868799771453
1355,-1225.0,7.572152983608899
1356,-1220.0,7.585651537335285
1357,-1215.0,7.598864407384923
1358,-1210.0,7.611291647323501
1359,-1205.0,7.627289933221441
1360,-1200.0,7.644752347962719
1361,-1195.0,7.668964039567189
1362,-1190.0,7.698568010570296
1363,-1185.0,7.731993000749919
1364,-1180.0,7.765346570010356
1365,-1175.0,7.80005713673535
1366,-1170.0,7.836624647359211
1367,-1165.0,7.8726207906295755
1368,-1160.0,7.911759454344177
1369,-1155.0,7.949291147377067
1370,-1150.0,7.986251473056458
1371,-1145.0,8.022354747705602
1372,-1140.0,8.05513694961254
1373,-1135.0,8.088169124736636
1374,-1130.0,8.119165803663893
1375,-1125.0,8.146377173874228
1376,-1120.0,8.171660179266507
1377,-1115.0,8.19322929686105
1378,-1110.0,8.213905652965753
1379,-1105.0,8.233189301146306
1380,-1100.0,8.25218726565011
1381,-1095.0,8.270685283719601
1382,-1090.0,8.290361746955684
1383,-1085.0,8.306288611934436
1384,-1080.0,8.32242973967075
1385,-1075.0,8.338713709245438
1386,-1070.0,8.353819233653537
1387,-1065.0,8.368424811627326
1388,-1060.0,8.383351783737456
1389,-1055.0,8.398671570903117
1390,-1050.0,8.413955647609185
1391,-1045.0,8.42813270006785
1392,-1040.0,8.440345677248866
1393,-1035.0,8.452415812591507
1394,-1030.0,8.466021497696675
1395,-1025.0,8.477948791200943
1396,-1020.0,8.490768846195051
1397,-1015.0,8.504053137163876
1398,-1010.0,8.516766060779203
1399,-1005.0,8.528693354283469
1400,-1000.0,8.542191908009857
1401,-995.0,8.55447630611006
1402,-990.0,8.566582151912295
1403,-985.0,8.579902153340713
1404,-980.0,8.593186444309538
1405,-975.0,8.60604220976324
1406,-970.0,8.61918365889369
1407,-965.0,8.63232510802414
1408,-960.0,8.645395136235404
1409,-955.0,8.658179480769917
1410,-950.0,8.67499910723851
1411,-945.0,8.696211120237118
1412,-940.0,8.721672677927366
1413,-935.0,8.754776273970647
1414,-930.0,8.786201478413027
1415,-925.0,8.822626147198514
1416,-920.0,8.85922936828197
1417,-915.0,8.896653929936079
1418,-910.0,8.935042673999215
1419,-905.0,8.97421704817341
1420,-900.0,9.012498660857766
1421,-895.0,9.050423168946184
1422,-890.0,9.083883869585401
1423,-885.0,9.115130521729816
1424,-880.0,9.144377388136986
1425,-875.0,9.170338892261544
1426,-870.0,9.194943398921545
1427,-865.0,9.217369567546335
1428,-860.0,9.238295896868193
1429,-855.0,9.257615255508338
1430,-850.0,9.275577616683927
1431,-845.0,9.293218583723172
1432,-840.0,9.310431025247295
1433,-835.0,9.32735778309467
1434,-830.0,9.343856015426919
1435,-825.0,9.359247223511767
1436,-820.0,9.373888511945148
1437,-815.0,9.387458486590722
1438,-810.0,9.402278327322072
1439,-805.0,9.41716958897261
1440,-800.0,9.43138235189087
1441,-795.0,9.444988036996037
1442,-790.0,9.458772274399172
1443,-785.0,9.47141377709531
1444,-780.0,9.484340963468199
1445,-775.0,9.495482626861408
1446,-770.0,9.507624183123237
1447,-765.0,9.519587187087097
1448,-760.0,9.531728743348927
1449,-755.0,9.542477591686605
1450,-750.0,9.55486912116559
1451,-745.0,9.565760811341642
1452,-740.0,9.57679534335607
1453,-735.0,9.589936792486519
1454,-730.0,9.601649823233226
1455,-725.0,9.614826982823269
1456,-720.0,9.627468485519408
1457,-715.0,9.639002963968146
1458,-710.0,9.650073206442167
1459,-705.0,9.662393315001964
1460,-700.0,9.676641788379817
1461,-695.0,9.695496911045245
1462,-690.0,9.719780023568903
1463,-685.0,9.746884262400457
1464,-680.0,9.776559654322751
1465,-675.0,9.809663250366032
1466,-670.0,9.84362389743956
1467,-665.0,9.880119987144235
1468,-660.0,9.91504481662679
1469,-655.0,9.951040959897155
1470,-650.0,9.987929864657358
1471,-645.0,10.02281898368032
1472,-640.0,10.054601292718637
1473,-635.0,10.088454808413385
1474,-630.0,10.117094597007464
1475,-625.0,10.145055886869264
1476,-620.0,10.169196157554548
1477,-615.0,10.189801092740064
1478,-610.0,10.211941577688105
1479,-605.0,10.230796700353533
1480,-600.0,10.248116273256437
1481,-595.0,10.265400135699746
1482,-590.0,10.282505445845088
1483,-585.0,10.297468128414813
1484,-580.0,10.313537835231939
1485,-575.0,10.329000464235975
1486,-570.0,10.342034781987644
1487,-565.0,10.35542620433525
1488,-560.0,10.368317680248545
1489,-555.0,10.380637788808341
1490,-550.0,10.392993607827734
1491,-545.0,10.40581366282184
1492,-540.0,10.418240902760418
1493,-535.0,10.430418169481841
1494,-530.0,10.443131093097168
1495,-525.0,10.45430846694997
1496,-520.0,10.467021390565296
1497,-515.0,10.478270185337285
1498,-510.0,10.489304717351713
1499,-505.0,10.499875013391422
1500,-500.0,10.510373888511944
1501,-495.0,10.521444130985966
1502,-490.0,10.532228689783237
1503,-485.0,10.542870406742134
1504,-480.0,10.553904938756562
1505,-475.0,10.564903760311395
1506,-470.0,10.576438238760133
1507,-465.0,10.58736563939578
1508,-460.0,10.598471592329393
1509,-455.0,10.609363282505447
1510,-450.0,10.621969074741992
1511,-445.0,10.63836017569546
1512,-440.0,10.659322215476914
1513,-435.0,10.685319430061066
1514,-430.0,10.715530478877263
1515,-425.0,10.7472056565368
1516,-420.0,10.780773488554798
1517,-415.0,10.815555476198979
1518,-410.0,10.850980252115844
1519,-405.0,10.886904974467022
1520,-400.0,10.92175838303039
1521,-395.0,10.953647823447488
1522,-390.0,10.986144341677678
1523,-385.0,11.018105203013963
1524,-380.0,11.046709281148448
1525,-375.0,11.073135021247724
1526,-370.0,11.097632396528944
1527,-365.0,11.119237224583081
1528,-360.0,11.141449130450308
1529,-355.0,11.160697068171267
1530,-350.0,11.179837874513446
1531,-345.0,11.196728921901224
1532,-340.0,11.214441309859659
1533,-335.0,11.229618255186944
1534,-330.0,11.245937935221226
1535,-325.0,11.261007749169732
1536,-320.0,11.276363246794986
1537,-315.0,11.288826197193158
1538,-310.0,11.301074884833767
1539,-305.0,11.313894939827875
1540,-300.0,11.32678641574117
1541,-295.0,11.339213655679748
1542,-290.0,11.351783737456701
1543,-285.0,11.363853872799343
1544,-280.0,11.37588829768239
1545,-275.0,11.387958433025034
1546,-270.0,11.398778702281898
1547,-265.0,11.40956326107917
1548,-260.0,11.419383637467414
1549,-255.0,11.429668249830375
1550,-250.0,11.440917044602363
1551,-245.0,11.449951790879549
1552,-240.0,11.460022140484948
1553,-235.0,11.471878013070029
1554,-230.0,11.483305360139985
1555,-225.0,11.495375495482627
1556,-220.0,11.509016891047388
1557,-215.0,11.520729921794093
1558,-210.0,11.53137163875299
1559,-205.0,11.543656036853195
1560,-200.0,11.55626182908974
1561,-195.0,11.574009927507767
1562,-190.0,11.594507731314502
1563,-185.0,11.62114773417134
1564,-180.0,11.649537549548263
1565,-175.0,11.681462700424955
1566,-170.0,11.714566296468236
1567,-165.0,11.747777023890297
1568,-160.0,11.784308824054566
1569,-155.0,11.81862657572403
1570,-150.0,11.856586794272042
1571,-145.0,11.891225940077849
1572,-140.0,11.927864871620898
1573,-135.0,11.959647180659216
1574,-130.0,11.988572652930044
1575,-125.0,12.015676891761597
1576,-120.0,12.04070992393672
1577,-115.0,12.062600435667607
1578,-110.0,12.082919687176373
1579,-105.0,12.1040245687962
1580,-100.0,12.121486983537478
1581,-95.0,12.137735242652573
1582,-90.0,12.15459057958076
1583,-85.0,12.170588865478699
1584,-80.0,12.185801521265578
1585,-75.0,12.201478413027175
1586,-70.0,12.215084098132342
1587,-65.0,12.22858265185873
1588,-60.0,12.242474020640646
1589,-55.0,12.257293861371997
1590,-50.0,12.268971181659108
1591,-45.0,12.282933971360212
1592,-40.0,12.295896868192694
1593,-35.0,12.307038531585901
1594,-30.0,12.31907295646895
1595,-25.0,12.33032175124094
1596,-20.0,12.341677677391708
1597,-15.0,12.352426525729387
1598,-10.0,12.363568189122594
1599,-5.0,12.373852801485555
1600,0.0,12.385601542691855
1601,5.0,12.396564653787093
1602,10.0,12.40699210798843
1603,15.0,12.417383851730172
1604,20.0,12.427668464093133
1605,25.0,12.4395957575974
1606,30.0,12.450487447773453
1607,35.0,12.460343534621291
1608,40.0,12.472199407206372
1609,45.0,12.482591150948112
1610,50.0,12.494554154911974
1611,55.0,12.508552655072672
1612,60.0,12.528836196121844
1613,65.0,12.553083598185909
1614,70.0,12.581009177588115
1615,75.0,12.609720387101381
1616,80.0,12.639110095346927
1617,85.0,12.669392565082312
1618,90.0,12.700210691711602
1619,95.0,12.730528871906582
1620,100.0,12.762132628646931
1621,105.0,12.795200514230618
1622,110.0,12.827875584758775
1623,115.0,12.859443631039532
1624,120.0,12.888583366067921
1625,125.0,12.91543763168232
1626,130.0,12.94032782201907
1627,135.0,12.963182516158984
1628,140.0,12.98428739777881
1629,145.0,13.00246402171196
1630,150.0,13.021676248973325
1631,155.0,13.038210191765168
1632,160.0,13.055029818233761
1633,165.0,13.070599578616577
1634,170.0,13.085633682105488
1635,175.0,13.101524836624648
1636,180.0,13.115844730921687
1637,185.0,13.130200335678321
1638,190.0,13.143413205727958
1639,195.0,13.156840338535156
1640,200.0,13.169660393529265
1641,205.0,13.181837660250688
1642,210.0,13.193015034103489
1643,215.0,13.205442274042067
1644,220.0,13.217798093061457
1645,225.0,13.228511230939542
1646,230.0,13.238224475949005
1647,235.0,13.249758954397743
1648,240.0,13.259472199407206
1649,245.0,13.270149626825697
1650,250.0,13.280327107809878
1651,255.0,13.290897403849588
1652,260.0,13.301646252187266
1653,265.0,13.311895154090633
1654,270.0,13.322858265185873
1655,275.0,13.333678534442738
1656,280.0,13.345355854729851
1657,285.0,13.357176016855338
1658,290.0,13.368996178980824
1659,295.0,13.380530657429562
1660,300.0,13.394029211155948
1661,305.0,13.408313394993394
1662,310.0,13.427204228118416
1663,315.0,13.450130343177516
1664,320.0,13.476377530978823
1665,325.0,13.505195871870871
1666,330.0,13.533907081384138
1667,335.0,13.564296682498304
1668,340.0,13.594757704531657
1669,345.0,13.624361675534765
1670,350.0,13.655858300896332
1671,355.0,13.68517658822269
1672,360.0,13.713637824518802
1673,365.0,13.74188479805735
1674,370.0,13.766953540692068
1675,375.0,13.79245080884191
1676,380.0,13.814555583330357
1677,385.0,13.833803521051315
1678,390.0,13.850623147519908
1679,395.0,13.86901403421062
1680,400.0,13.88629789665393
1681,405.0,13.901153447844873
1682,410.0,13.916616076848909
1683,415.0,13.930971681605543
1684,420.0,13.944898760847051
1685,425.0,13.958468735492627
1686,430.0,13.970824554512017
1687,435.0,13.981252008713351
1688,440.0,13.99367924865193
1689,445.0,14.005570831696604
1690,450.0,14.016176838195907
1691,455.0,14.027032817912367
1692,460.0,14.03813877084598
1693,465.0,14.048673356426097
1694,470.0,14.05917223154662
1695,475.0,14.07013534264186
1696,480.0,14.081384137413849
1697,485.0,14.091347355640467
1698,490.0,14.101774809841803
1699,495.0,14.11163089668964
1700,500.0,14.12130843123951
1701,505.0,14.130664571653037
1702,510.0,14.139306502874692
1703,515.0,14.14976966753562
1704,520.0,14.159697175302647
1705,525.0,14.169660393529265
1706,530.0,14.17919508624076
1707,535.0,14.189229725386566
1708,540.0,14.198550155340499
1709,545.0,14.208013427132807
1710,550.0,14.217905224440239
1711,555.0,14.231296646787845
1712,560.0,14.248866192907903
1713,565.0,14.269363996714638
1714,570.0,14.293825661536264
1715,575.0,14.319108666928543
1716,580.0,14.344891618755133
1717,585.0,14.371353069314003
1718,590.0,14.39781451987287
1719,595.0,14.425382994679142
1720,600.0,14.45402278327322
1721,605.0,14.480841338428025
1722,610.0,14.506052922901118
1723,615.0,14.532407242081206
1724,620.0,14.55615469771096
1725,625.0,14.577830946684283
1726,630.0,14.598328750491019
1727,635.0,14.616291111666607
1728,640.0,14.632932185837232
1729,645.0,14.64950183908867
1730,650.0,14.665535835446201
1731,655.0,14.67874870549584
1732,660.0,14.693425704388815
1733,665.0,14.706781416276828
1734,670.0,14.718887262079063
1735,675.0,14.730885976502517
1736,680.0,14.742134771274506
1737,685.0,14.753669249723243
1738,690.0,14.764632360818483
1739,695.0,14.775095525479413
1740,700.0,14.785951505195872
1741,705.0,14.796593222154769
1742,710.0,14.807377780952041
1743,715.0,14.817233867799878
1744,720.0,14.826554297753813
1745,725.0,14.835089097596686
1746,730.0,14.844159554333464
1747,735.0,14.852587222797558
1748,740.0,14.86090775988287
1749,745.0,14.870371031675178
1750,750.0,14.878013070028212
1751,755.0,14.886547869871086
1752,760.0,14.894261329143307
1753,765.0,14.902046209334713
1754,770.0,14.909795379066528
1755,775.0,14.918365889368996
1756,780.0,14.928293397136022
1757,785.0,14.93647109238296
1758,790.0,14.94507731314502
1759,795.0,14.954183480341392
1760,800.0,14.963432489376139
1761,805.0,14.975216941042031
1762,810.0,14.989465414419884
1763,815.0,15.007356354676284
1764,820.0,15.027247080669929
1765,825.0,15.051137378138057
1766,830.0,15.073349284005285
1767,835.0,15.09681105595829
1768,840.0,15.121736956754633
1769,845.0,15.146484305253008
1770,850.0,15.171374495589758
1771,855.0,15.193514980537799
1772,860.0,15.214369888940471
1773,865.0,15.237367424918759
1774,870.0,15.258472306538586
1775,875.0,15.277613112880763
1776,880.0,15.295682605435132
1777,885.0,15.312573652822913
1778,890.0,15.328714780559226
1779,895.0,15.343070385315858
1780,900.0,15.357318858693711
1781,905.0,15.36974609863229
1782,910.0,15.382816126843553
1783,915.0,15.393564975181231
1784,920.0,15.404456665357284
1785,925.0,15.41520551369496
1786,930.0,15.425847230653858
1787,935.0,15.436346105774382
1788,940.0,15.446309324001
1789,945.0,15.455451201656965
1790,950.0,15.463414634146341
1791,955.0,15.472127986287184
1792,960.0,15.48076991750884
1793,965.0,15.489304717351713
1794,970.0,15.497768096275399
1795,975.0,15.506588579795022
1796,980.0,15.51515909009749
1797,985.0,15.522765417990929
1798,990.0,15.530407456343964
1799,995.0,15.538763703888868
1800,1000.0,15.547048530514587
1801,1005.0,15.555511909438275
1802,1010.0,15.562761132735778
1803,1015.0,15.570117487412062
1804,1020.0,15.577152447952004
1805,1025.0,15.584401671249509
1806,1030.0,15.592543656036852
1807,1035.0,15.600257115309073
1808,1040.0,15.607292075849017
1809,1045.0,15.61593400707067
1810,1050.0,15.624147412777203
1811,1055.0,15.63400349962504
1812,1060.0,15.648073420704925
1813,1065.0,15.664071706602863
1814,1070.0,15.682248330536014
1815,1075.0,15.702281898368032
1816,1080.0,15.72410098917973
1817,1085.0,15.746777131021677
1818,1090.0,15.76913187872728
1819,1095.0,15.792593650680285
1820,1100.0,15.815626897118166
1821,1105.0,15.836160411384494
1822,1110.0,15.85822947541335
1823,1115.0,15.87840588508374
1824,1120.0,15.897796664643074
1825,1125.0,15.91504481662679
1826,1130.0,15.931864443095384
1827,1135.0,15.948255544048852
1828,1140.0,15.962039781451987
1829,1145.0,15.974288469092597
1830,1150.0,15.985108738349462
1831,1155.0,15.99614327036389
1832,1160.0,16.007034960539944
1833,1165.0,16.01828375531193
1834,1170.0,16.028139842159767
1835,1175.0,16.038745848659072
1836,1180.0,16.048459093668537
1837,1185.0,16.056886762132628
1838,1190.0,16.06581437703103
1839,1195.0,16.07449201871228
1840,1200.0,16.08227689890369
1841,1205.0,16.090061779095098
1842,1210.0,16.097739527907724
1843,1215.0,16.10509588258401
1844,1220.0,16.112380816341105
1845,1225.0,16.12012998607292
1846,1230.0,16.127879155804735
1847,1235.0,16.1353426418598
1848,1240.0,16.142698996536087
1849,1245.0,16.149769667535622
1850,1250.0,16.15648323393922
1851,1255.0,16.162982537585258
1852,1260.0,16.168803342499018
1853,1265.0,16.175302646145056
1854,1270.0,16.18187337071028
1855,1275.0,16.189301146305752
1856,1280.0,16.196407527764883
1857,1285.0,16.204120987037104
1858,1290.0,16.211155947577044
1859,1295.0,16.2181194871978
1860,1300.0,16.226047209227584
1861,1305.0,16.234796271828017
1862,1310.0,16.244473806377886
1863,1315.0,16.257615255508338
1864,1320.0,16.27432775059815
1865,1325.0,16.292540084990893
1866,1330.0,16.31189515409063
1867,1335.0,16.33042888261972
1868,1340.0,16.34989108309824
1869,1345.0,16.369103310359606
1870,1350.0,16.387458486590724
1871,1355.0,16.40688497660965
1872,1360.0,16.42488304824483
1873,1365.0,16.441845516551798
1874,1370.0,16.457700960611362
1875,1375.0,16.471770881691246
1876,1380.0,16.48573367139235
1877,1385.0,16.49933935649752
1878,1390.0,16.510552440809914
1879,1395.0,16.521729814662713
1880,1400.0,16.531585901510553
1881,1405.0,16.539870728136272
1882,1410.0,16.548798343034676
1883,1415.0,16.55665464414527
1884,1420.0,16.565367996286113
1885,1425.0,16.574009927507767
1886,1430.0,16.581616255401208
1887,1435.0,16.589686819269364
1888,1440.0,16.59629325429418
1889,1445.0,16.60297111023819
1890,1450.0,16.609684676641788
1891,1455.0,16.616612505802948
1892,1460.0,16.622576152555084
1893,1465.0,16.628504088847624
1894,1470.0,16.634039210084634
1895,1475.0,16.639574331321644
1896,1480.0,16.645502267614184
1897,1485.0,16.6510016783916
1898,1490.0,16.655965432275114
1899,1495.0,16.660857765239438
1900,1500.0,16.666035781880513
1901,1505.0,16.671285219440776
1902,1510.0,16.67639181516266
1903,1515.0,16.681926936399673
1904,1520.0,16.687604899475055
1905,1525.0,16.6923901010606
1906,1530.0,16.698425168731923
1907,1535.0,16.70453165732243
1908,1540.0,16.70956683212513
1909,1545.0,16.714637717387422
1910,1550.0,16.720887047816305
1911,1555.0,16.727672035139094
1912,1560.0,16.736099703603184
1913,1565.0,16.746098632289396
1914,1570.0,16.75984715923294
1915,1575.0,16.77509552547941
1916,1580.0,16.78977252437239
1917,1585.0,16.806306467164234
1918,1590.0,16.8215905438703
1919,1595.0,16.837338856551085
1920,1600.0,16.8518015926865
1921,1605.0,16.866585722958256
1922,1610.0,16.88065564403814
1923,1615.0,16.895618326607863
1924,1620.0,16.909224011713032
1925,1625.0,16.922115487626325
1926,1630.0,16.93361425561547
1927,1635.0,16.945827232796486
1928,1640.0,16.95700460664929
1929,1645.0,16.966860693497125
1930,1650.0,16.975645466557154
1931,1655.0,16.983751740884905
1932,1660.0,16.99128664785916
1933,1665.0,16.99882155483341
1934,1670.0,17.005070885262292
1935,1675.0,17.01146305752955
1936,1680.0,17.017533835660466
1937,1685.0,17.023497482412598
1938,1690.0,17.0302110488162
1939,1695.0,17.035603328214833
1940,1700.0,17.04078134485591
1941,1705.0,17.04653072885048
1942,1710.0,17.05217298146627
1943,1715.0,17.05720815626897
1944,1720.0,17.062993250723135
1945,1725.0,17.068349819662178
1946,1730.0,17.073527836303253
1947,1735.0,17.07784880191408
1948,1740.0,17.082062636146127
1949,1745.0,17.086704995893296
1950,1750.0,17.090847409206155
1951,1755.0,17.09502553297861
1952,1760.0,17.099096525372282
1953,1765.0,17.103381780523517
1954,1770.0,17.107309931078813
1955,1775.0,17.111952290825982
1956,1780.0,17.116237545977217
1957,1785.0,17.120487090668856
1958,1790.0,17.125022319037246
1959,1795.0,17.129771810163195
1960,1800.0,17.134414169910368
1961,1805.0,17.140199264364533
1962,1810.0,17.145877227439918
1963,1815.0,17.153554976252543
1964,1820.0,17.162768274827698
1965,1825.0,17.173838517301718
1966,1830.0,17.186551440917043
1967,1835.0,17.19876441809806
1968,1840.0,17.211477341713387
1969,1845.0,17.224797343141805
1970,1850.0,17.236153269292576
1971,1855.0,17.24825911509481
1972,1860.0,17.260400671356642
1973,1865.0,17.27243509623969
1974,1870.0,17.28261257722387
1975,1875.0,17.293432846480734
1976,1880.0,17.302860407813448
1977,1885.0,17.31089526122201
1978,1890.0,17.319108666928543
1979,1895.0,17.326143627468486
1980,1900.0,17.33300003571046
1981,1905.0,17.33882084062422
1982,1910.0,17.344927329214727
1983,1915.0,17.350641002749704
1984,1920.0,17.35621183444631
1985,1925.0,17.36113987787023
1986,1930.0,17.365925079455774
1987,1935.0,17.3702460450666
1988,1940.0,17.374638431596615
1989,1945.0,17.378995107667034
1990,1950.0,17.383458915116236
1991,1955.0,17.387779880727066
1992,1960.0,17.3914937685248
1993,1965.0,17.39556476091847
1994,1970.0,17.39960004285255
1995,1975.0,17.403385351569476
1996,1980.0,17.406563582473307
1997,1985.0,17.410348891190228
1998,1990.0,17.413955647609185
1999,1995.0,17.417205299432204
2000,2000.0,17.420562082634003
2001,2005.0,17.42327607756312
2002,2010.0,17.426704281684106
2003,2015.0,17.430096775345497
2004,2020.0,17.43338213762811
2005,2025.0,17.436917473127878
2006,2030.0,17.44038138770846
2007,2035.0,17.443738170910258
2008,2040.0,17.44770203192515
2009,2045.0,17.450630289611826
2010,2050.0,17.454165625111596
2011,2055.0,17.457843802449737
2012,2060.0,17.46241474127772
2013,2065.0,17.467414205620827
2014,2070.0,17.473842088347677
2015,2075.0,17.482555440488518
2016,2080.0,17.491268792629363
2017,2085.0,17.501089169017604
2018,2090.0,17.510266757133163
2019,2095.0,17.51990858122344
2020,2100.0,17.529407563475342
2021,2105.0,17.53819233653537
2022,2110.0,17.546655715459057
2023,2115.0,17.55615469771096
2024,2120.0,17.5637610256044
2025,2125.0,17.570617433846373
2026,2130.0,17.57758097346713
2027,2135.0,17.584580223547476
2028,2140.0,17.590293897082457
2029,2145.0,17.595543334642716
2030,2150.0,17.601257008177694
2031,2155.0,17.60575652608649
2032,2160.0,17.61029175445488
2033,2165.0,17.61514837695961
2034,2170.0,17.619147948434097
2035,2175.0,17.622469021176304
2036,2180.0,17.625647252080135
2037,2185.0,17.628896903903154
2038,2190.0,17.63243223940292
2039,2195.0,17.636146127200657
2040,2200.0,17.639502910402456
2041,2205.0,17.642609720387103
2042,2210.0,17.645859372210122
2043,2215.0,17.649073313573545
2044,2220.0,17.651394493447132
2045,2225.0,17.654001356997465
2046,2230.0,17.656465378709424
2047,2235.0,17.65900082134057
2048,2240.0,17.66117915937578
2049,2245.0,17.663178945113025
2050,2250.0,17.665892940042138
2051,2255.0,17.667714173481414
2052,2260.0,17.67046387887012
2053,2265.0,17.67271363782452
2054,2270.0,17.67489197585973
2055,2275.0,17.67639181516266
2056,2280.0,17.678891547334214
2057,2285.0,17.681177016748205
2058,2290.0,17.68339106524301
2059,2295.0,17.68585508695497
2060,2300.0,17.68814055636896
2061,2305.0,17.69078313037889
2062,2310.0,17.69356854622719
2063,2315.0,17.6968539085098
2064,2320.0,17.701103453201444
2065,2325.0,17.7063886012213
2066,2330.0,17.7119594329179
2067,2335.0,17.718494447023534
2068,2340.0,17.725457986644287
2069,2345.0,17.732671499482198
2070,2350.0,17.738349462557583
2071,2355.0,17.745598685855086
2072,2360.0,17.751383780309254
2073,2365.0,17.757490268899762
2074,2370.0,17.762668285540833
2075,2375.0,17.767989144020284
2076,2380.0,17.77338142341892
2077,2385.0,17.777988072706496
2078,2390.0,17.7818805128022
2079,2395.0,17.785701531978717
2080,2400.0,17.788986894261328
2081,2405.0,17.79184373102882
2082,2410.0,17.794593436417525
2083,2415.0,17.79709316858908
2084,2420.0,17.799700032139413
2085,2425.0,17.80252115844731
2086,2430.0,17.804842338320896
2087,2435.0,17.80737778095204
2088,2440.0,17.809413277148877
2089,2445.0,17.81109166874978
2090,2450.0,17.81337713816377
2091,2455.0,17.815555476198977
2092,2460.0,17.81751955147663
2093,2465.0,17.819197943077526
2094,2470.0,17.820983466057207
2095,2475.0,17.822626147198516
2096,2480.0,17.82416169696104
2097,2485.0,17.82612577223869
2098,2490.0,17.827411348784057
2099,2495.0,17.82858979395065
2100,2500.0,17.83041102738992
2101,2505.0,17.832232260829198
2102,2510.0,17.833482126914973
2103,2515.0,17.834696282541156
2104,2520.0,17.835874727707747
2105,2525.0,17.837624540227832
2106,2530.0,17.839231510909546
2107,2535.0,17.84037424561654
2108,2540.0,17.841624111702316
2109,2545.0,17.843052530086062
2110,2550.0,17.844838053065743
2111,2555.0,17.846552155126236
2112,2560.0,17.848409099025105
2113,2565.0,17.85044459522194
2114,2570.0,17.85283719601471
2115,2575.0,17.85687247794879
2116,2580.0,17.861229154019213
2117,2585.0,17.86555011963004
2118,2590.0,17.871013819947862
2119,2595.0,17.875299075099097
2120,2600.0,17.881119880012857
2121,2605.0,17.885869371138806
2122,2610.0,17.889154733421417
2123,2615.0,17.89379709316859
2124,2620.0,17.897403849587544
2125,2625.0,17.90161768381959
2126,2630.0,17.905295861157732
2127,2635.0,17.90811698746563
2128,2640.0,17.91068814055637
2129,2645.0,17.912866478591578
2130,2650.0,17.9149733957076
2131,2655.0,17.917473127879155
2132,2660.0,17.919722886833554
2133,2665.0,17.921579830732423
2134,2670.0,17.923079670035353
2135,2675.0,17.924365246580724
2136,2680.0,17.926079348641217
2137,2685.0,17.92779345070171
2138,2690.0,17.929221869085456
2139,2695.0,17.930186051494484
2140,2700.0,17.931757311716602
2141,2705.0,17.93311430918116
2142,2710.0,17.934828411241654
2143,2715.0,17.93579259365068
2144,2720.0,17.937113880655644
2145,2725.0,17.938006642145485
2146,2730.0,17.939113666392885
2147,2735.0,17.94011355926151
2148,2740.0,17.940863478912974
2149,2745.0,17.94189908224119
2150,2750.0,17.942863264650217
2151,2755.0,17.943648894761274
2152,2760.0,17.944434524872335
2153,2765.0,17.945398707281363
2154,2770.0,17.94607720601364
2155,2775.0,17.946791415205514
2156,2780.0,17.947577045316574
2157,2785.0,17.948576938185195
2158,2790.0,17.94932685783666
2159,2795.0,17.950041067028533
2160,2800.0,17.950933828518373
2161,2805.0,17.951719458629434
2162,2810.0,17.952826482876834
2163,2815.0,17.954326322179767
2164,2820.0,17.955861871942293
2165,2825.0,17.95782594721994
2166,2830.0,17.960504231689463
2167,2835.0,17.96325393707817
2168,2840.0,17.96561082741135
2169,2845.0,17.96836053280006
2170,2850.0,17.971288790486735
2171,2855.0,17.973681391279506
2172,2860.0,17.976002571153092
2173,2865.0,17.978787987001393
2174,2870.0,17.98121629825376
2175,2875.0,17.983680319965718
2176,2880.0,17.986108631218084
2177,2885.0,17.98775131235939
2178,2890.0,17.989072599364352
2179,2895.0,17.990572438667286
2180,2900.0,17.99167946291469
2181,2905.0,17.99307217083884
2182,2910.0,17.994750562439737
2183,2915.0,17.99557190301039
2184,2920.0,17.99675034817698
2185,2925.0,17.9977502410456
2186,2930.0,17.99871442345463
2187,2935.0,17.999571474484878
2188,2940.0,18.00028568367675
2189,2945.0,18.00089276148984
2190,2950.0,18.00174981252009
2191,2955.0,18.00274970538871
2192,2960.0,18.0033567832018
2193,2965.0,18.004213834232047
2194,2970.0,18.004892332964324
2195,2975.0,18.005749383994573
2196,2980.0,18.00642788272685
2197,2985.0,18.00742777559547
2198,2990.0,18.007749169731813
2199,2995.0,18.008070563868156
2200,3000.0,18.008641931221653
2201,3005.0,18.00917758811556
2202,3010.0,18.009927507767024
2203,3015.0,18.010320322822555
2204,3020.0,18.01096311109524
2205,3025.0,18.011320215691175
2206,3030.0,18.011641609827517
2207,3035.0,18.012105845802235
2208,3040.0,18.012570081776953
2209,3045.0,18.012962896832484
2210,3050.0,18.01381994786273
2211,3055.0,18.014498446595006
2212,3060.0,18.01499839302932
2213,3065.0,18.01589115451916
2214,3070.0,18.016962468306968
2215,3075.0,18.018319465771526
2216,3080.0,18.019997857372424
2217,3085.0,18.021783380352105
2218,3090.0,18.023890297468128
2219,3095.0,18.025640109988217
2220,3100.0,18.027497053887082
2221,3105.0,18.028568367674893
2222,3110.0,18.03042531157376
2223,3115.0,18.032210834553442
2224,3120.0,18.033746384315965
2225,3125.0,18.034996250401743
2226,3130.0,18.035996143270363
2227,3135.0,18.0374602721137
2228,3140.0,18.038603006820697
2229,3145.0,18.03942434739135
2230,3150.0,18.040388529800378
2231,3155.0,18.04110273899225
2232,3160.0,18.042245473699246
2233,3165.0,18.0430668142699
2234,3170.0,18.043709602542584
2235,3175.0,18.044209548976895
2236,3180.0,18.044638074492017
2237,3185.0,18.045173731385923
2238,3190.0,18.045566546441453
2239,3195.0,18.046173624254543
2240,3200.0,18.046423597471698
2241,3205.0,18.046816412527228
2242,3210.0,18.04713780666357
2243,3215.0,18.04749491125951
2244,3220.0,18.047816305395852
2245,3225.0,18.047887726315036
2246,3230.0,18.04803056815341
2247,3235.0,18.048459093668537
2248,3240.0,18.048780487804876
2249,3245.0,18.04899475056244
2250,3250.0,18.049209013320002
2251,3255.0,18.049708959754312
2252,3260.0,18.04999464343106
2253,3265.0,18.05028032710781
2254,3270.0,18.05067314216334
2255,3275.0,18.0508874049209
2256,3280.0,18.05106595721887
2257,3285.0,18.051494482733993
2258,3290.0,18.051815876870336
2259,3295.0,18.05217298146627
2260,3300.0,18.05253008606221
2261,3305.0,18.052922901117736
2262,3310.0,18.053315716173266
2263,3315.0,18.053779952147984
2264,3320.0,18.054637003178232
2265,3325.0,18.055529764668073
2266,3330.0,18.056529657536693
2267,3335.0,18.05799378638003
2268,3340.0,18.059029389708247
2269,3345.0,18.060279255794022
2270,3350.0,18.061707674177768
2271,3355.0,18.063207513480698
2272,3360.0,18.064564510945257
2273,3365.0,18.065528693354285
2274,3370.0,18.066635717601685
2275,3375.0,18.067457058172337
2276,3380.0,18.068492661500553
2277,3385.0,18.069206870692426
2278,3390.0,18.07006392172267
2279,3395.0,18.07081384137414
2280,3400.0,18.07134949826804
2281,3405.0,18.07184944470235
2282,3410.0,18.072349391136665
2283,3415.0,18.072885048030567
2284,3420.0,18.073277863086098
2285,3425.0,18.073849230439595
2286,3430.0,18.074134914116346
2287,3435.0,18.07445630825269
2288,3440.0,18.074634860550656
2289,3445.0,18.07506338606578
2290,3450.0,18.07534906974253
2291,3455.0,18.07577759525765
2292,3460.0,18.076134699853586
2293,3465.0,18.07638467307074
2294,3470.0,18.07674177766668
2295,3475.0,18.076920329964647
2296,3480.0,18.077206013641394
2297,3485.0,18.077420276398957
2298,3490.0,18.077705960075708
2299,3495.0,18.077955933292863
2300,3500.0,18.078170196050422
2301,3505.0,18.078455879727173
2302,3510.0,18.078670142484732
2303,3515.0,18.079062957540263
2304,3520.0,18.079098667999858
2305,3525.0,18.079277220297826
2306,3530.0,18.0794200621362
2307,3535.0,18.07959861443417
2308,3540.0,18.079812877191728
2309,3545.0,18.080062850408886
2310,3550.0,18.08038424454523
2311,3555.0,18.08059850730279
2312,3560.0,18.080848480519943
2313,3565.0,18.0810984537371
2314,3570.0,18.08141984787344
2315,3575.0,18.08199121522694
2316,3580.0,18.08249116166125
2317,3585.0,18.083026818555155
2318,3590.0,18.08366960682784
2319,3595.0,18.08452665785809
2320,3600.0,18.085597971645896
2321,3605.0,18.08652644359533
2322,3610.0,18.087669178302324
2323,3615.0,18.088490518872977
2324,3620.0,18.089383280362817
2325,3625.0,18.090311752312253
2326,3630.0,18.090740277827376
2327,3635.0,18.091311645180873
2328,3640.0,18.091811591615183
2329,3645.0,18.09206156483234
2330,3650.0,18.092418669428277
2331,3655.0,18.0928471949434
2332,3660.0,18.093097168160554
2333,3665.0,18.093418562296897
2334,3670.0,18.093597114594864
2335,3675.0,18.093989929650395
2336,3680.0,18.09413277148877
2337,3685.0,18.094418455165517
2338,3690.0,18.094597007463484
2339,3695.0,18.094775559761455
2340,3700.0,18.095096953897798
2341,3705.0,18.095275506195765
2342,3710.0,18.09541834803414
2343,3715.0,18.095596900332108
2344,3720.0,18.095775452630075
2345,3725.0,18.095882584008855
2346,3730.0,18.095954004928043
2347,3735.0,18.096096846766418
2348,3740.0,18.096239688604793
2349,3745.0,18.09631110952398
2350,3750.0,18.09641824090276
2351,3755.0,18.096632503660324
2352,3760.0,18.096703924579508
2353,3765.0,18.096846766417883
2354,3770.0,18.096953897796666
2355,3775.0,18.097061029175446
2356,3780.0,18.09720387101382
2357,3785.0,18.0973110023926
2358,3790.0,18.097560975609756
2359,3795.0,18.09770381744813
2360,3800.0,18.09777523836732
2361,3805.0,18.0978823697461
2362,3810.0,18.098132342963254
2363,3815.0,18.098346605720817
2364,3820.0,18.09866799985716
2365,3825.0,18.099025104453094
2366,3830.0,18.099346498589437
2367,3835.0,18.099882155483343
2368,3840.0,18.100239260079277
2369,3845.0,18.100917758811555
2370,3850.0,18.101489126165053
2371,3855.0,18.101774809841803
2372,3860.0,18.102774702710423
2373,3865.0,18.103167517765954
2374,3870.0,18.10373888511945
2375,3875.0,18.104453094311324
2376,3880.0,18.104774488447667
2377,3885.0,18.105060172124414
2378,3890.0,18.10531014534157
2379,3895.0,18.105631539477912
2380,3900.0,18.105881512695067
2381,3905.0,18.106131485912222
2382,3910.0,18.106310038210193
2383,3915.0,18.106631432346536
2384,3920.0,18.10688140556369
2385,3925.0,18.10709566832125
2386,3930.0,18.10727422061922
2387,3935.0,18.107524193836376
2388,3940.0,18.107667035674748
2389,3945.0,18.107738456593935
2390,3950.0,18.10798842981109
2391,3955.0,18.10816698210906
2392,3960.0,18.108202692568653
2393,3965.0,18.108238403028246
2394,3970.0,18.10834553440703
2395,3975.0,18.108524086704996
2396,3980.0,18.108631218083776
2397,3985.0,18.10884548084134
2398,3990.0,18.10888119130093
